gender,value_q1,.lower_q1,.upper_q1,value_q4,.lower_q4,.upper_q4,rr,.lower_rr,.upper_rr
Men,0.41003177303051463,0.24604446431281535,0.5266419298159057,0.5077779306542387,0.3416107557199946,0.6171757375008751,1.2534323920622266,1.109732852979352,1.4567598128663575
Women,0.38882522831214616,0.3042996695410144,0.492754788144077,0.4664247567466615,0.38082572578263035,0.579296823182255,1.2049174317124036,1.0645984814422285,1.3532881281779383
